{
  "learning_final_100": {
    "baseline": {
      "mean": 125.89910752199998,
      "std": 19.028237423236366,
      "seeds": 5
    },
    "conditioned": {
      "mean": 133.34925434400003,
      "std": 28.805693887626724,
      "seeds": 5
    },
    "noise": {
      "mean": 119.895809464,
      "std": 21.693366534841388,
      "seeds": 5
    },
    "shuffled": {
      "mean": 124.912855694,
      "std": 28.02989109019199,
      "seeds": 5
    }
  },
  "cvar": {
    "baseline": {
      "mean_reward": 150.82863182734872,
      "mean_cvar": -39.35819853169975,
      "std_cvar": 19.170655960835806,
      "seeds": 5
    },
    "conditioned": {
      "mean_reward": 164.05564380604397,
      "mean_cvar": -1.6825368142433093,
      "std_cvar": 60.04535953386003,
      "seeds": 5
    },
    "noise": {
      "mean_reward": 152.79511362547615,
      "mean_cvar": -36.48454164551074,
      "std_cvar": 21.833460259223266,
      "seeds": 5
    },
    "shuffled": {
      "mean_reward": 147.0842624196884,
      "mean_cvar": -49.40496689879438,
      "std_cvar": 40.42542504109611,
      "seeds": 5
    }
  },
  "settling_time": {
    "baseline": {
      "mean": 0.49574756622314453,
      "std": 0.009763611480593681,
      "success_rate": 0.9,
      "seeds": 5
    },
    "conditioned": {
      "mean": 0.496654212474823,
      "std": 0.009950071573257446,
      "success_rate": 0.8266666666666665,
      "seeds": 5
    },
    "noise": {
      "mean": 0.5090187191963196,
      "std": 0.007229646667838097,
      "success_rate": 0.8933333333333333,
      "seeds": 5
    },
    "shuffled": {
      "mean": 0.4992348551750183,
      "std": 0.007909651845693588,
      "success_rate": 0.9133333333333334,
      "seeds": 5
    }
  }
}